{
    "name": "root",
    "gauges": {
        "ThunderSearch.Policy.Entropy.mean": {
            "value": 1.3249268531799316,
            "min": 1.314428448677063,
            "max": 1.386194109916687,
            "count": 10
        },
        "ThunderSearch.Policy.Entropy.sum": {
            "value": 66084.703125,
            "min": 65087.8671875,
            "max": 70388.1640625,
            "count": 10
        },
        "ThunderSearch.Environment.EpisodeLength.mean": {
            "value": 492.7352941176471,
            "min": 462.8059701492537,
            "max": 1049.1612903225807,
            "count": 10
        },
        "ThunderSearch.Environment.EpisodeLength.sum": {
            "value": 33506.0,
            "min": 31008.0,
            "max": 65048.0,
            "count": 10
        },
        "ThunderSearch.Step.mean": {
            "value": 499909.0,
            "min": 49763.0,
            "max": 499909.0,
            "count": 10
        },
        "ThunderSearch.Step.sum": {
            "value": 499909.0,
            "min": 49763.0,
            "max": 499909.0,
            "count": 10
        },
        "ThunderSearch.Policy.ExtrinsicValueEstimate.mean": {
            "value": -0.75190269947052,
            "min": -0.75190269947052,
            "max": 0.046042583882808685,
            "count": 10
        },
        "ThunderSearch.Policy.ExtrinsicValueEstimate.sum": {
            "value": -170.68191528320312,
            "min": -170.68191528320312,
            "max": 10.589794158935547,
            "count": 10
        },
        "ThunderSearch.Policy.CuriosityValueEstimate.mean": {
            "value": 10.306512832641602,
            "min": -0.07389074563980103,
            "max": 16.473628997802734,
            "count": 10
        },
        "ThunderSearch.Policy.CuriosityValueEstimate.sum": {
            "value": 2339.578369140625,
            "min": -16.994871139526367,
            "max": 3624.1982421875,
            "count": 10
        },
        "ThunderSearch.Environment.CumulativeReward.mean": {
            "value": -6.083581803449944,
            "min": -11.505522015824246,
            "max": -3.5443329135576884,
            "count": 10
        },
        "ThunderSearch.Environment.CumulativeReward.sum": {
            "value": -407.59998083114624,
            "min": -770.8699750602245,
            "max": -212.6599748134613,
            "count": 10
        },
        "ThunderSearch.Policy.ExtrinsicReward.mean": {
            "value": -6.083581803449944,
            "min": -11.505522015824246,
            "max": -3.5443329135576884,
            "count": 10
        },
        "ThunderSearch.Policy.ExtrinsicReward.sum": {
            "value": -407.59998083114624,
            "min": -770.8699750602245,
            "max": -212.6599748134613,
            "count": 10
        },
        "ThunderSearch.Policy.CuriosityReward.mean": {
            "value": 11.215856926070888,
            "min": 0.0,
            "max": 243.29051734305716,
            "count": 10
        },
        "ThunderSearch.Policy.CuriosityReward.sum": {
            "value": 751.4624140467495,
            "min": 0.0,
            "max": 18003.49828338623,
            "count": 10
        },
        "ThunderSearch.IsTraining.mean": {
            "value": 1.0,
            "min": 1.0,
            "max": 1.0,
            "count": 10
        },
        "ThunderSearch.IsTraining.sum": {
            "value": 1.0,
            "min": 1.0,
            "max": 1.0,
            "count": 10
        },
        "ThunderSearch.Losses.PolicyLoss.mean": {
            "value": 0.018777092553338863,
            "min": 0.016286770365291484,
            "max": 0.01893833621418,
            "count": 9
        },
        "ThunderSearch.Losses.PolicyLoss.sum": {
            "value": 0.018777092553338863,
            "min": 0.016286770365291484,
            "max": 0.01893833621418,
            "count": 9
        },
        "ThunderSearch.Losses.ValueLoss.mean": {
            "value": 1.0229707169863913,
            "min": 0.1791363508026633,
            "max": 6.308901737133662,
            "count": 9
        },
        "ThunderSearch.Losses.ValueLoss.sum": {
            "value": 1.0229707169863913,
            "min": 0.1791363508026633,
            "max": 6.308901737133662,
            "count": 9
        },
        "ThunderSearch.Policy.LearningRate.mean": {
            "value": 8.49458483875e-05,
            "min": 8.49458483875e-05,
            "max": 9.833270166730001e-05,
            "count": 9
        },
        "ThunderSearch.Policy.LearningRate.sum": {
            "value": 8.49458483875e-05,
            "min": 8.49458483875e-05,
            "max": 9.833270166730001e-05,
            "count": 9
        },
        "ThunderSearch.Policy.Epsilon.mean": {
            "value": 0.18494583333333334,
            "min": 0.18494583333333334,
            "max": 0.19833269999999997,
            "count": 9
        },
        "ThunderSearch.Policy.Epsilon.sum": {
            "value": 0.18494583333333334,
            "min": 0.18494583333333334,
            "max": 0.19833269999999997,
            "count": 9
        },
        "ThunderSearch.Policy.Beta.mean": {
            "value": 0.004248797083333333,
            "min": 0.004248797083333333,
            "max": 0.00491680173,
            "count": 9
        },
        "ThunderSearch.Policy.Beta.sum": {
            "value": 0.004248797083333333,
            "min": 0.004248797083333333,
            "max": 0.00491680173,
            "count": 9
        },
        "ThunderSearch.Losses.CuriosityForwardLoss.mean": {
            "value": 0.24021608754992485,
            "min": 0.24021608754992485,
            "max": 24.726250413391327,
            "count": 9
        },
        "ThunderSearch.Losses.CuriosityForwardLoss.sum": {
            "value": 0.24021608754992485,
            "min": 0.24021608754992485,
            "max": 24.726250413391327,
            "count": 9
        },
        "ThunderSearch.Losses.CuriosityInverseLoss.mean": {
            "value": 0.4507145442896419,
            "min": 0.4507145442896419,
            "max": 1.3044266717301474,
            "count": 9
        },
        "ThunderSearch.Losses.CuriosityInverseLoss.sum": {
            "value": 0.4507145442896419,
            "min": 0.4507145442896419,
            "max": 1.3044266717301474,
            "count": 9
        }
    },
    "metadata": {
        "timer_format_version": "0.1.0",
        "start_time_seconds": "1746904493",
        "python_version": "3.7.16 (default, Jan 17 2023, 16:06:28) [MSC v.1916 64 bit (AMD64)]",
        "command_line_arguments": "C:\\Users\\David\\.conda\\envs\\unity\\Scripts\\mlagents-learn config1.yaml --run-id=Run3 --force",
        "mlagents_version": "0.28.0",
        "mlagents_envs_version": "0.28.0",
        "communication_protocol_version": "1.5.0",
        "pytorch_version": "1.7.1+cu110",
        "numpy_version": "1.21.6",
        "end_time_seconds": "1746905669"
    },
    "total": 1175.9831595,
    "count": 1,
    "self": 0.029795400000011796,
    "children": {
        "run_training.setup": {
            "total": 0.09474089999999968,
            "count": 1,
            "self": 0.09474089999999968
        },
        "TrainerController.start_learning": {
            "total": 1175.8586232,
            "count": 1,
            "self": 1.413854499988929,
            "children": {
                "TrainerController._reset_env": {
                    "total": 26.5172074,
                    "count": 1,
                    "self": 26.5172074
                },
                "TrainerController.advance": {
                    "total": 1147.8417967000112,
                    "count": 60515,
                    "self": 0.7363169000129801,
                    "children": {
                        "env_step": {
                            "total": 1147.1054797999982,
                            "count": 60515,