{
    "name": "root",
    "gauges": {
        "ThunderSearch.Policy.Entropy.mean": {
            "value": 0.9013179540634155,
            "min": 0.9013179540634155,
            "max": 1.3862335681915283,
            "count": 52
        },
        "ThunderSearch.Policy.Entropy.sum": {
            "value": 45199.29296875,
            "min": 45160.390625,
            "max": 70428.046875,
            "count": 52
        },
        "ThunderSearch.Environment.EpisodeLength.mean": {
            "value": 86.34635416666667,
            "min": 83.28140703517587,
            "max": 1046.7714285714285,
            "count": 52
        },
        "ThunderSearch.Environment.EpisodeLength.sum": {
            "value": 33157.0,
            "min": 22749.0,
            "max": 73274.0,
            "count": 52
        },
        "ThunderSearch.Step.mean": {
            "value": 2599962.0,
            "min": 49936.0,
            "max": 2599962.0,
            "count": 52
        },
        "ThunderSearch.Step.sum": {
            "value": 2599962.0,
            "min": 49936.0,
            "max": 2599962.0,
            "count": 52
        },
        "ThunderSearch.Policy.ExtrinsicValueEstimate.mean": {
            "value": 1.2760212421417236,
            "min": -0.7724074125289917,
            "max": 1.3603235483169556,
            "count": 52
        },
        "ThunderSearch.Policy.ExtrinsicValueEstimate.sum": {
            "value": 572.9335327148438,
            "min": -255.4812469482422,
            "max": 610.7852783203125,
            "count": 52
        },
        "ThunderSearch.Policy.CuriosityValueEstimate.mean": {
            "value": 0.8861985206604004,
            "min": -0.011491691693663597,
            "max": 9.217351913452148,
            "count": 52
        },
        "ThunderSearch.Policy.CuriosityValueEstimate.sum": {
            "value": 397.90313720703125,
            "min": -2.493697166442871,
            "max": 2147.64306640625,
            "count": 52
        },
        "ThunderSearch.Environment.CumulativeReward.mean": {
            "value": 4.341220585401956,
            "min": -11.877713926775115,
            "max": 5.030991953595811,
            "count": 52
        },
        "ThunderSearch.Environment.CumulativeReward.sum": {
            "value": 1671.369925379753,
            "min": -831.439974874258,
            "max": 1926.8699182271957,
            "count": 52
        },
        "ThunderSearch.Policy.ExtrinsicReward.mean": {
            "value": 4.341220585401956,
            "min": -11.877713926775115,
            "max": 5.030991953595811,
            "count": 52
        },
        "ThunderSearch.Policy.ExtrinsicReward.sum": {
            "value": 1671.369925379753,
            "min": -831.439974874258,
            "max": 1926.8699182271957,
            "count": 52
        },
        "ThunderSearch.Policy.CuriosityReward.mean": {
            "value": 0.10171606881277902,
            "min": 0.0,
            "max": 173.26073465173815,
            "count": 52
        },
        "ThunderSearch.Policy.CuriosityReward.sum": {
            "value": 39.16068649291992,
            "min": 0.0,
            "max": 11608.469221666455,
            "count": 52
        },
        "ThunderSearch.IsTraining.mean": {
            "value": 1.0,
            "min": 1.0,
            "max": 1.0,
            "count": 52
        },
        "ThunderSearch.IsTraining.sum": {
            "value": 1.0,
            "min": 1.0,
            "max": 1.0,
            "count": 52
        },
        "ThunderSearch.Losses.PolicyLoss.mean": {
            "value": 0.018213226527020905,
            "min": 0.014031505432083376,
            "max": 0.019556490675313398,
            "count": 51
        },
        "ThunderSearch.Losses.PolicyLoss.sum": {
            "value": 0.018213226527020905,
            "min": 0.014031505432083376,
            "max": 0.019556490675313398,
            "count": 51
        },
        "ThunderSearch.Losses.ValueLoss.mean": {
            "value": 0.8892541391154131,
            "min": 0.16571463789376947,
            "max": 3.1191423535346985,
            "count": 51
        },
        "ThunderSearch.Losses.ValueLoss.sum": {
            "value": 0.8892541391154131,
            "min": 0.16571463789376947,
            "max": 3.1191423535346985,
            "count": 51
        },
        "ThunderSearch.Policy.LearningRate.mean": {
            "value": 1.4621085378999997e-05,
            "min": 1.4621085378999997e-05,
            "max": 9.832693500640002e-05,
            "count": 51
        },
        "ThunderSearch.Policy.LearningRate.sum": {
            "value": 1.4621085378999997e-05,
            "min": 1.4621085378999997e-05,
            "max": 9.832693500640002e-05,
            "count": 51
        },
        "ThunderSearch.Policy.Epsilon.mean": {
            "value": 0.11462099999999999,
            "min": 0.11462099999999999,
            "max": 0.19832693333333332,
            "count": 51
        },
        "ThunderSearch.Policy.Epsilon.sum": {
            "value": 0.11462099999999999,
            "min": 0.11462099999999999,
            "max": 0.19832693333333332,
            "count": 51
        },
        "ThunderSearch.Policy.Beta.mean": {
            "value": 0.0007395878999999999,
            "min": 0.0007395878999999999,
            "max": 0.004916513973333334,
            "count": 51
        },
        "ThunderSearch.Policy.Beta.sum": {
            "value": 0.0007395878999999999,
            "min": 0.0007395878999999999,
            "max": 0.004916513973333334,
            "count": 51
        },
        "ThunderSearch.Losses.CuriosityForwardLoss.mean": {
            "value": 0.010228688919192387,
            "min": 0.008815590537981026,
            "max": 14.396289355225033,
            "count": 51
        },
        "ThunderSearch.Losses.CuriosityForwardLoss.sum": {
            "value": 0.010228688919192387,
            "min": 0.008815590537981026,
            "max": 14.396289355225033,
            "count": 51
        },
        "ThunderSearch.Losses.CuriosityInverseLoss.mean": {
            "value": 0.45941479835245347,
            "min": 0.4343332416481442,
            "max": 1.3164587732818391,
            "count": 51
        },
        "ThunderSearch.Losses.CuriosityInverseLoss.sum": {
            "value": 0.45941479835245347,
            "min": 0.4343332416481442,
            "max": 1.3164587732818391,
            "count": 51
        }
    },
    "metadata": {
        "timer_format_version": "0.1.0",
        "start_time_seconds": "1746898588",
        "python_version": "3.7.16 (default, Jan 17 2023, 16:06:28) [MSC v.1916 64 bit (AMD64)]",
        "command_line_arguments": "C:\\Users\\David\\.conda\\envs\\unity\\Scripts\\mlagents-learn config1.yaml --run-id=Run2 --force",
        "mlagents_version": "0.28.0",
        "mlagents_envs_version": "0.28.0",
        "communication_protocol_version": "1.5.0",
        "pytorch_version": "1.7.1+cu110",
        "numpy_version": "1.21.6",
        "end_time_seconds": "1746904471"
    },
    "total": 5882.391837,
    "count": 1,
    "self": 0.00551640000048792,
    "children": {
        "run_training.setup": {
            "total": 0.07395079999999998,
            "count": 1,
            "self": 0.07395079999999998
        },
        "TrainerController.start_learning": {
            "total": 5882.3123698,
            "count": 1,
            "self": 6.795548800108008,
            "children": {
                "TrainerController._reset_env": {
                    "total": 7.102324100000001,
                    "count": 1,
                    "self": 7.102324100000001
                },
                "TrainerController.advance": {
                    "total": 5868.346962999892,
                    "count": 290512,
                    "self": 3.7681515999593103,
                    "children": {
                        "env_step": {
                            "total": 5864.578811399932,