{
    "name": "root",
    "gauges": {
        "ThunderSearch.Policy.Entropy.mean": {
            "value": 1.2338438034057617,
            "min": 1.2241028547286987,
            "max": 1.3861773014068604,
            "count": 60
        },
        "ThunderSearch.Policy.Entropy.sum": {
            "value": 61797.06640625,
            "min": 61221.05859375,
            "max": 69476.59375,
            "count": 60
        },
        "ThunderSearch.Step.mean": {
            "value": 2999993.0,
            "min": 49979.0,
            "max": 2999993.0,
            "count": 60
        },
        "ThunderSearch.Step.sum": {
            "value": 2999993.0,
            "min": 49979.0,
            "max": 2999993.0,
            "count": 60
        },
        "ThunderSearch.Policy.ExtrinsicValueEstimate.mean": {
            "value": -0.10416200011968613,
            "min": -0.12252693623304367,
            "max": 0.1742670089006424,
            "count": 60
        },
        "ThunderSearch.Policy.ExtrinsicValueEstimate.sum": {
            "value": -164.57595825195312,
            "min": -196.02899169921875,
            "max": 278.82720947265625,
            "count": 60
        },
        "ThunderSearch.Environment.EpisodeLength.mean": {
            "value": 1190.45,
            "min": 467.12745098039215,
            "max": 1645.6842105263158,
            "count": 60
        },
        "ThunderSearch.Environment.EpisodeLength.sum": {
            "value": 47618.0,
            "min": 36141.0,
            "max": 62536.0,
            "count": 60
        },
        "ThunderSearch.Environment.CumulativeReward.mean": {
            "value": -9.839499913156033,
            "min": -15.835262900120334,
            "max": -4.475392128322639,
            "count": 60
        },
        "ThunderSearch.Environment.CumulativeReward.sum": {
            "value": -393.5799965262413,
            "min": -630.3699898123741,
            "max": -264.41000348329544,
            "count": 60
        },
        "ThunderSearch.Policy.ExtrinsicReward.mean": {
            "value": -9.839499913156033,
            "min": -15.835262900120334,
            "max": -4.475392128322639,
            "count": 60
        },
        "ThunderSearch.Policy.ExtrinsicReward.sum": {
            "value": -393.5799965262413,
            "min": -630.3699898123741,
            "max": -264.41000348329544,
            "count": 60
        },
        "ThunderSearch.IsTraining.mean": {
            "value": 1.0,
            "min": 1.0,
            "max": 1.0,
            "count": 60
        },
        "ThunderSearch.IsTraining.sum": {
            "value": 1.0,
            "min": 1.0,
            "max": 1.0,
            "count": 60
        },
        "ThunderSearch.Losses.PolicyLoss.mean": {
            "value": 0.018211160311087344,
            "min": 0.013215277360157214,
            "max": 0.020701752362785757,
            "count": 59
        },
        "ThunderSearch.Losses.PolicyLoss.sum": {
            "value": 0.018211160311087344,
            "min": 0.013215277360157214,
            "max": 0.020701752362785757,
            "count": 59
        },
        "ThunderSearch.Losses.ValueLoss.mean": {
            "value": 0.012651313342050545,
            "min": 0.012651313342050545,
            "max": 0.5640515599451545,
            "count": 59
        },
        "ThunderSearch.Losses.ValueLoss.sum": {
            "value": 0.012651313342050545,
            "min": 0.012651313342050545,
            "max": 0.5640515599451545,
            "count": 59
        },
        "ThunderSearch.Policy.LearningRate.mean": {
            "value": 1.6219983780999985e-06,
            "min": 1.6219983780999985e-06,
            "max": 9.833296833370001e-05,
            "count": 59
        },
        "ThunderSearch.Policy.LearningRate.sum": {
            "value": 1.6219983780999985e-06,
            "min": 1.6219983780999985e-06,
            "max": 9.833296833370001e-05,
            "count": 59
        },
        "ThunderSearch.Policy.Epsilon.mean": {
            "value": 0.10162190000000001,
            "min": 0.10162190000000001,
            "max": 0.19833296666666667,
            "count": 59
        },
        "ThunderSearch.Policy.Epsilon.sum": {
            "value": 0.10162190000000001,
            "min": 0.10162190000000001,
            "max": 0.19833296666666667,
            "count": 59
        },
        "ThunderSearch.Policy.Beta.mean": {
            "value": 9.093280999999994e-05,
            "min": 9.093280999999994e-05,
            "max": 0.004916815036666667,
            "count": 59
        },
        "ThunderSearch.Policy.Beta.sum": {
            "value": 9.093280999999994e-05,
            "min": 9.093280999999994e-05,
            "max": 0.004916815036666667,
            "count": 59
        }
    },
    "metadata": {
        "timer_format_version": "0.1.0",
        "start_time_seconds": "1746947835",
        "python_version": "3.7.16 (default, Jan 17 2023, 16:06:28) [MSC v.1916 64 bit (AMD64)]",
        "command_line_arguments": "C:\\Users\\David\\.conda\\envs\\unity\\Scripts\\mlagents-learn config1.yaml --run-id=Run1",
        "mlagents_version": "0.28.0",
        "mlagents_envs_version": "0.28.0",
        "communication_protocol_version": "1.5.0",
        "pytorch_version": "1.7.1+cu110",
        "numpy_version": "1.21.6",
        "end_time_seconds": "1746953784"
    },
    "total": 5948.6057861,
    "count": 1,
    "self": 0.022043500000108907,
    "children": {
        "run_training.setup": {
            "total": 0.08224049999999994,
            "count": 1,
            "self": 0.08224049999999994
        },
        "TrainerController.start_learning": {
            "total": 5948.5015021,
            "count": 1,
            "self": 7.401977699987583,
            "children": {
                "TrainerController._reset_env": {
                    "total": 11.6293676,
                    "count": 1,
                    "self": 11.6293676
                },
                "TrainerController.advance": {
                    "total": 5929.404087600013,
                    "count": 333360,
                    "self": 3.839665799735485,
                    "children": {
                        "env_step": {
                            "total": 5925.564421800277,
                            "count": 333360,
                            "self": 5435.102319300132,
                            "children": {
                                "SubprocessEnvManager._take_step": {
                                    "total": 486.52281240000457,
                                    "count": 333360,
                                    "self": 14.635963499865284,
                                    "children": {
                                        "TorchPolicy.evaluate": {
                                            "total": 471.8868489001393,
                                            "count": 333360,
                                            "self": 90.26650250017553,
                                            "children": {
                                                "TorchPolicy.sample_actions": {
                                                    "total": 381.62034639996375,
                                                    "count": 333360,
                                                    "self": 381.62034639996375
                                                }
                                            }
                                        }
                                    }
                                },
                                "workers": {
                                    "total": 3.939290100140388,
                                    "count": 333360,
                                    "self": 0.0,
                                    "children": {
                                        "worker_root": {
                                            "total": 5932.508504900188,