{
    "name": "root",
    "gauges": {
        "ThunderSearch.Policy.Entropy.mean": {
            "value": 0.34556400775909424,
            "min": 0.330487459897995,
            "max": 1.3861050605773926,
            "count": 59
        },
        "ThunderSearch.Policy.Entropy.sum": {
            "value": 17282.693359375,
            "min": 16525.6953125,
            "max": 69497.921875,
            "count": 59
        },
        "ThunderSearch.Step.mean": {
            "value": 2949983.0,
            "min": 49981.0,
            "max": 2949983.0,
            "count": 59
        },
        "ThunderSearch.Step.sum": {
            "value": 2949983.0,
            "min": 49981.0,
            "max": 2949983.0,
            "count": 59
        },
        "ThunderSearch.Policy.ExtrinsicValueEstimate.mean": {
            "value": 9.59246826171875,
            "min": -0.3211744427680969,
            "max": 9.768710136413574,
            "count": 59
        },
        "ThunderSearch.Policy.ExtrinsicValueEstimate.sum": {
            "value": 15367.1337890625,
            "min": -516.448486328125,
            "max": 15639.705078125,
            "count": 59
        },
        "ThunderSearch.Environment.EpisodeLength.mean": {
            "value": 580.5930232558139,
            "min": 422.53968253968253,
            "max": 1330.128205128205,
            "count": 59
        },
        "ThunderSearch.Environment.EpisodeLength.sum": {
            "value": 49931.0,
            "min": 40653.0,
            "max": 61127.0,
            "count": 59
        },
        "ThunderSearch.Environment.CumulativeReward.mean": {
            "value": 550.6956551885883,
            "min": -12.853846432497868,
            "max": 575.7535821191966,
            "count": 59
        },
        "ThunderSearch.Environment.CumulativeReward.sum": {
            "value": 47359.826346218586,
            "min": -1393.6600404977798,
            "max": 48599.18650341034,
            "count": 59
        },
        "ThunderSearch.Policy.ExtrinsicReward.mean": {
            "value": 550.6956551885883,
            "min": -12.853846432497868,
            "max": 575.7535821191966,
            "count": 59
        },
        "ThunderSearch.Policy.ExtrinsicReward.sum": {
            "value": 47359.826346218586,
            "min": -1393.6600404977798,
            "max": 48599.18650341034,
            "count": 59
        },
        "ThunderSearch.IsTraining.mean": {
            "value": 1.0,
            "min": 1.0,
            "max": 1.0,
            "count": 59
        },
        "ThunderSearch.IsTraining.sum": {
            "value": 1.0,
            "min": 1.0,
            "max": 1.0,
            "count": 59
        },
        "ThunderSearch.Losses.PolicyLoss.mean": {
            "value": 0.018103300373897784,
            "min": 0.013519901077314798,
            "max": 0.021264156164963625,
            "count": 58
        },
        "ThunderSearch.Losses.PolicyLoss.sum": {
            "value": 0.018103300373897784,
            "min": 0.013519901077314798,
            "max": 0.021264156164963625,
            "count": 58
        },
        "ThunderSearch.Losses.ValueLoss.mean": {
            "value": 49.252958403693306,
            "min": 1.0576677901877298,
            "max": 69.85681713951959,
            "count": 58
        },
        "ThunderSearch.Losses.ValueLoss.sum": {
            "value": 49.252958403693306,
            "min": 1.0576677901877298,
            "max": 69.85681713951959,
            "count": 58
        },
        "ThunderSearch.Policy.LearningRate.mean": {
            "value": 3.295730037700004e-06,
            "min": 3.295730037700004e-06,
            "max": 9.833290166709997e-05,
            "count": 58
        },
        "ThunderSearch.Policy.LearningRate.sum": {
            "value": 3.295730037700004e-06,
            "min": 3.295730037700004e-06,
            "max": 9.833290166709997e-05,
            "count": 58
        },
        "ThunderSearch.Policy.Epsilon.mean": {
            "value": 0.10329563333333334,
            "min": 0.10329563333333334,
            "max": 0.1983329,
            "count": 58
        },
        "ThunderSearch.Policy.Epsilon.sum": {
            "value": 0.10329563333333334,
            "min": 0.10329563333333334,
            "max": 0.1983329,
            "count": 58
        },
        "ThunderSearch.Policy.Beta.mean": {
            "value": 0.0001744521033333335,
            "min": 0.0001744521033333335,
            "max": 0.00491681171,
            "count": 58
        },
        "ThunderSearch.Policy.Beta.sum": {
            "value": 0.0001744521033333335,
            "min": 0.0001744521033333335,
            "max": 0.00491681171,
            "count": 58
        }
    },
    "metadata": {
        "timer_format_version": "0.1.0",
        "start_time_seconds": "1746988164",
        "python_version": "3.7.12 | packaged by conda-forge | (default, Oct 26 2021, 05:35:01) [MSC v.1916 64 bit (AMD64)]",
        "command_line_arguments": "C:\\Adatok\\programok\\miniconda\\data\\envs\\unity\\Scripts\\mlagents-learn config1.yaml --run-id=Run1 --force",
        "mlagents_version": "0.28.0",
        "mlagents_envs_version": "0.28.0",
        "communication_protocol_version": "1.5.0",
        "pytorch_version": "1.7.1+cu110",
        "numpy_version": "1.21.6",
        "end_time_seconds": "1746993939"
    },
    "total": 5774.3608613,
    "count": 1,
    "self": 0.007998099999895203,
    "children": {
        "run_training.setup": {
            "total": 0.06399749999999993,
            "count": 1,
            "self": 0.06399749999999993
        },
        "TrainerController.start_learning": {
            "total": 5774.288865699999,
            "count": 1,
            "self": 9.266845700031809,
            "children": {
                "TrainerController._reset_env": {
                    "total": 8.2849097,
                    "count": 1,
                    "self": 8.2849097
                },
                "TrainerController.advance": {
                    "total": 5756.676226999968,
                    "count": 327992,
                    "self": 4.648841699957302,
                    "children": {
                        "env_step": {
                            "total": 5752.027385300011,
                            "count": 327992,
                            "self": 5162.122988500275,
                            "children": {
                                "SubprocessEnvManager._take_step": {
                                    "total": 585.1702291998392,
                                    "count": 327992,
                                    "self": 18.210783799817477,
                                    "children": {
                                        "TorchPolicy.evaluate": {
                                            "total": 566.9594454000218,
                                            "count": 327992,
                                            "self": 116.3883314000895,
                                            "children": {
                                                "TorchPolicy.sample_actions": {
                                                    "total": 450.57111399993227,
                                                    "count": 327992,
                                                    "self": 450.57111399993227
                                                }
                                            }
                                        }
                                    }
                                },
                                "workers": {
                                    "total": 4.734167599896388,
                                    "count": 327992,
                                    "self": 0.0,
                                    "children": {
                                        "worker_root": {
                                            "total": 5750.28800869996,