{"count":1,"self":576.8905728,"total":5941.0174044999994,"children":{"InitializeActuators":{"count":9,"self":0.0015064,"total":0.0015064,"children":null},"InitializeSensors":{"count":9,"self":0.0015072,"total":0.0015072,"children":null},"AgentSendState":{"count":333367,"self":15.7286624,"total":3162.6699790999996,"children":{"CollectObservations":{"count":3000303,"self":3111.1282687999997,"total":3111.1281814,"children":null},"WriteActionMask":{"count":3000303,"self":3.0420832,"total":3.0420832,"children":null},"RequestDecision":{"count":3000303,"self":9.858324,"total":32.771052499999996,"children":{"AgentInfo.ToProto":{"count":3000303,"self":8.4842328,"total":22.9127285,"children":{"GenerateSensorData":{"count":3000303,"self":14.428495999999999,"total":14.428495999999999,"children":null}}}}}}},"DecideAction":{"count":333367,"self":1779.8850559999998,"total":1779.8849931,"children":null},"AgentAct":{"count":333367,"self":421.5335168,"total":421.53352279999996,"children":{"AgentInfo.ToProto":{"count":2,"self":0,"total":0,"children":{"GenerateSensorData":{"count":2,"self":0,"total":0,"children":null}}}}},"AgentInfo.ToProto":{"count":3387,"self":0.012702999999999999,"total":0.0353405,"children":{"GenerateSensorData":{"count":3387,"self":0.022637499999999998,"total":0.022637499999999998,"children":null}}}},"gauges":{"ThunderSearch.CumulativeReward":{"count":3389,"max":65.32987,"min":-101.003166,"runningAverage":-8.91424751,"value":-29.80054,"weightedAverage":-14.4975014}},"metadata":{"timer_format_version":"0.1.0","start_time_seconds":"1746947843","unity_version":"6000.0.46f1","command_line_arguments":"E:\\Programing\\Unity\\Editor\\6000.0.46f1\\Editor\\Unity.exe -projectpath D:\\University\\MSC\\2_felev\\Halado_gepi\\WOW\\RL_Unity_Project -useHub -hubIPC -cloudEnvironment production","communication_protocol_version":"1.5.0","com.unity.ml-agents_version":"3.0.0","scene_name":"Game","end_time_seconds":"1746953784"}}